epoch,acc,char_acc,len_acc,loss,top3_acc,val_acc,val_char_acc,val_len_acc,val_loss,val_top3_acc
0,0.5803952813148499,0.8740651607513428,0.7823183536529541,0.60340815782547,0.9521768093109131,0.8333333134651184,0.9572916626930237,0.9583333134651184,0.41325291991233826,0.9864583015441895
1,0.7441239356994629,0.9301148653030396,0.9272168278694153,0.36845237016677856,0.9686298370361328,0.8854166865348816,0.9666666984558105,0.96875,0.38568225502967834,0.987500011920929
2,0.7946047186851501,0.9490784406661987,0.96875,0.2955097258090973,0.9775240421295166,0.8958333134651184,0.96875,0.96875,0.3511984646320343,0.9885416626930237
3,0.8508279323577881,0.9555155634880066,0.9704861044883728,0.2732374668121338,0.9793670177459717,0.9166666865348816,0.9708333015441895,0.9791666865348816,0.32202282547950745,0.9895833134651184
4,0.8325320482254028,0.9586003422737122,0.9722222089767456,0.26014193892478943,0.9822916388511658,0.9166666865348816,0.971875011920929,0.9791666865348816,0.2918074429035187,0.9895833134651184
5,0.86204594373703,0.9650239944458008,0.9704861044883728,0.23575544357299805,0.9847222566604614,0.9270833134651184,0.9749999642372131,0.9791666865348816,0.26575756072998047,0.9927083849906921
6,0.8482906222343445,0.9634080529212952,0.9704861044883728,0.2274770587682724,0.9874331951141357,0.9270833134651184,0.9770833849906921,0.9791666865348816,0.24223868548870087,0.9927083849906921
7,0.8490918874740601,0.9639021754264832,0.9791666865348816,0.23413370549678802,0.9864583611488342,0.9270833134651184,0.9791666865348816,0.9895833134651184,0.21172308921813965,0.9927083849906921
8,0.8544337749481201,0.9653311967849731,0.9809027910232544,0.22260750830173492,0.9888222217559814,0.9270833134651184,0.9864583015441895,1.0,0.18865278363227844,0.9927083849906921
9,0.8871527910232544,0.9723957777023315,0.9913194179534912,0.21284951269626617,0.9894097447395325,0.9375,0.9885416626930237,1.0,0.18164683878421783,0.9937500357627869
10,0.8846153616905212,0.9738782048225403,0.984375,0.20403148233890533,0.9906249642372131,0.9270833134651184,0.987500011920929,1.0,0.18015657365322113,0.9937500357627869
11,0.8822115063667297,0.9732238054275513,0.984375,0.2012186497449875,0.9911591410636902,0.9270833134651184,0.987500011920929,1.0,0.1789158135652542,0.9937500357627869
12,0.8708600401878357,0.9682825803756714,0.984375,0.21486015617847443,0.9897704720497131,0.9270833134651184,0.987500011920929,1.0,0.1762734353542328,0.9958333373069763
13,0.8819444179534912,0.9732638597488403,0.984375,0.20750322937965393,0.9914929866790771,0.9375,0.9895833134651184,1.0,0.17343078553676605,0.9958333373069763
14,0.8985042572021484,0.9737980961799622,0.9861111044883728,0.20161683857440948,0.990544855594635,0.9375,0.9895833134651184,1.0,0.1709892749786377,0.9958333373069763
